id,filename,label,filepath
1,blues.00000.wav,blues,blues/blues.00000.wav
2,blues.00001.wav,blues,blues/blues.00001.wav
3,blues.00002.wav,blues,blues/blues.00002.wav
4,blues.00003.wav,blues,blues/blues.00003.wav
5,blues.00004.wav,blues,blues/blues.00004.wav
6,blues.00005.wav,blues,blues/blues.00005.wav
7,blues.00006.wav,blues,blues/blues.00006.wav
8,blues.00007.wav,blues,blues/blues.00007.wav
9,blues.00008.wav,blues,blues/blues.00008.wav
10,blues.00009.wav,blues,blues/blues.00009.wav
11,blues.00010.wav,blues,blues/blues.00010.wav
12,blues.00011.wav,blues,blues/blues.00011.wav
13,blues.00012.wav,blues,blues/blues.00012.wav
14,blues.00013.wav,blues,blues/blues.00013.wav
15,blues.00014.wav,blues,blues/blues.00014.wav
16,blues.00015.wav,blues,blues/blues.00015.wav
17,blues.00016.wav,blues,blues/blues.00016.wav
18,blues.00017.wav,blues,blues/blues.00017.wav
19,blues.00018.wav,blues,blues/blues.00018.wav
20,blues.00019.wav,blues,blues/blues.00019.wav
21,blues.00020.wav,blues,blues/blues.00020.wav
22,blues.00021.wav,blues,blues/blues.00021.wav
23,blues.00022.wav,blues,blues/blues.00022.wav
24,blues.00023.wav,blues,blues/blues.00023.wav
25,blues.00024.wav,blues,blues/blues.00024.wav
26,blues.00025.wav,blues,blues/blues.00025.wav
27,blues.00026.wav,blues,blues/blues.00026.wav
28,blues.00027.wav,blues,blues/blues.00027.wav
29,blues.00028.wav,blues,blues/blues.00028.wav
30,blues.00029.wav,blues,blues/blues.00029.wav
31,blues.00030.wav,blues,blues/blues.00030.wav
32,blues.00031.wav,blues,blues/blues.00031.wav
33,blues.00032.wav,blues,blues/blues.00032.wav
34,blues.00033.wav,blues,blues/blues.00033.wav
35,blues.00034.wav,blues,blues/blues.00034.wav
36,blues.00035.wav,blues,blues/blues.00035.wav
37,blues.00036.wav,blues,blues/blues.00036.wav
38,blues.00037.wav,blues,blues/blues.00037.wav
39,blues.00038.wav,blues,blues/blues.00038.wav
40,blues.00039.wav,blues,blues/blues.00039.wav
41,blues.00040.wav,blues,blues/blues.00040.wav
42,blues.00041.wav,blues,blues/blues.00041.wav
43,blues.00042.wav,blues,blues/blues.00042.wav
44,blues.00043.wav,blues,blues/blues.00043.wav
45,blues.00044.wav,blues,blues/blues.00044.wav
46,blues.00045.wav,blues,blues/blues.00045.wav
47,blues.00046.wav,blues,blues/blues.00046.wav
48,blues.00047.wav,blues,blues/blues.00047.wav
49,blues.00048.wav,blues,blues/blues.00048.wav
50,blues.00049.wav,blues,blues/blues.00049.wav
51,blues.00050.wav,blues,blues/blues.00050.wav
52,blues.00051.wav,blues,blues/blues.00051.wav
53,blues.00052.wav,blues,blues/blues.00052.wav
54,blues.00053.wav,blues,blues/blues.00053.wav
55,blues.00054.wav,blues,blues/blues.00054.wav
56,blues.00055.wav,blues,blues/blues.00055.wav
57,blues.00056.wav,blues,blues/blues.00056.wav
58,blues.00057.wav,blues,blues/blues.00057.wav
59,blues.00058.wav,blues,blues/blues.00058.wav
60,blues.00059.wav,blues,blues/blues.00059.wav
61,blues.00060.wav,blues,blues/blues.00060.wav
62,blues.00061.wav,blues,blues/blues.00061.wav
63,blues.00062.wav,blues,blues/blues.00062.wav
64,blues.00063.wav,blues,blues/blues.00063.wav
65,blues.00064.wav,blues,blues/blues.00064.wav
66,blues.00065.wav,blues,blues/blues.00065.wav
67,blues.00066.wav,blues,blues/blues.00066.wav
68,blues.00067.wav,blues,blues/blues.00067.wav
69,blues.00068.wav,blues,blues/blues.00068.wav
70,blues.00069.wav,blues,blues/blues.00069.wav
71,blues.00070.wav,blues,blues/blues.00070.wav
72,blues.00071.wav,blues,blues/blues.00071.wav
73,blues.00072.wav,blues,blues/blues.00072.wav
74,blues.00073.wav,blues,blues/blues.00073.wav
75,blues.00074.wav,blues,blues/blues.00074.wav
76,blues.00075.wav,blues,blues/blues.00075.wav
77,blues.00076.wav,blues,blues/blues.00076.wav
78,blues.00077.wav,blues,blues/blues.00077.wav
79,blues.00078.wav,blues,blues/blues.00078.wav
80,blues.00079.wav,blues,blues/blues.00079.wav
81,blues.00080.wav,blues,blues/blues.00080.wav
82,blues.00081.wav,blues,blues/blues.00081.wav
83,blues.00082.wav,blues,blues/blues.00082.wav
84,blues.00083.wav,blues,blues/blues.00083.wav
85,blues.00084.wav,blues,blues/blues.00084.wav
86,blues.00085.wav,blues,blues/blues.00085.wav
87,blues.00086.wav,blues,blues/blues.00086.wav
88,blues.00087.wav,blues,blues/blues.00087.wav
89,blues.00088.wav,blues,blues/blues.00088.wav
90,blues.00089.wav,blues,blues/blues.00089.wav
91,blues.00090.wav,blues,blues/blues.00090.wav
92,blues.00091.wav,blues,blues/blues.00091.wav
93,blues.00092.wav,blues,blues/blues.00092.wav
94,blues.00093.wav,blues,blues/blues.00093.wav
95,blues.00094.wav,blues,blues/blues.00094.wav
96,blues.00095.wav,blues,blues/blues.00095.wav
97,blues.00096.wav,blues,blues/blues.00096.wav
98,blues.00097.wav,blues,blues/blues.00097.wav
99,blues.00098.wav,blues,blues/blues.00098.wav
100,blues.00099.wav,blues,blues/blues.00099.wav
101,classical.00000.wav,classical,classical/classical.00000.wav
102,classical.00001.wav,classical,classical/classical.00001.wav
103,classical.00002.wav,classical,classical/classical.00002.wav
104,classical.00003.wav,classical,classical/classical.00003.wav
105,classical.00004.wav,classical,classical/classical.00004.wav
106,classical.00005.wav,classical,classical/classical.00005.wav
107,classical.00006.wav,classical,classical/classical.00006.wav
108,classical.00007.wav,classical,classical/classical.00007.wav
109,classical.00008.wav,classical,classical/classical.00008.wav
110,classical.00009.wav,classical,classical/classical.00009.wav
111,classical.00010.wav,classical,classical/classical.00010.wav
112,classical.00011.wav,classical,classical/classical.00011.wav
113,classical.00012.wav,classical,classical/classical.00012.wav
114,classical.00013.wav,classical,classical/classical.00013.wav
115,classical.00014.wav,classical,classical/classical.00014.wav
116,classical.00015.wav,classical,classical/classical.00015.wav
117,classical.00016.wav,classical,classical/classical.00016.wav
118,classical.00017.wav,classical,classical/classical.00017.wav
119,classical.00018.wav,classical,classical/classical.00018.wav
120,classical.00019.wav,classical,classical/classical.00019.wav
121,classical.00020.wav,classical,classical/classical.00020.wav
122,classical.00021.wav,classical,classical/classical.00021.wav
123,classical.00022.wav,classical,classical/classical.00022.wav
124,classical.00023.wav,classical,classical/classical.00023.wav
125,classical.00024.wav,classical,classical/classical.00024.wav
126,classical.00025.wav,classical,classical/classical.00025.wav
127,classical.00026.wav,classical,classical/classical.00026.wav
128,classical.00027.wav,classical,classical/classical.00027.wav
129,classical.00028.wav,classical,classical/classical.00028.wav
130,classical.00029.wav,classical,classical/classical.00029.wav
131,classical.00030.wav,classical,classical/classical.00030.wav
132,classical.00031.wav,classical,classical/classical.00031.wav
133,classical.00032.wav,classical,classical/classical.00032.wav
134,classical.00033.wav,classical,classical/classical.00033.wav
135,classical.00034.wav,classical,classical/classical.00034.wav
136,classical.00035.wav,classical,classical/classical.00035.wav
137,classical.00036.wav,classical,classical/classical.00036.wav
138,classical.00037.wav,classical,classical/classical.00037.wav
139,classical.00038.wav,classical,classical/classical.00038.wav
140,classical.00039.wav,classical,classical/classical.00039.wav
141,classical.00040.wav,classical,classical/classical.00040.wav
142,classical.00041.wav,classical,classical/classical.00041.wav
143,classical.00042.wav,classical,classical/classical.00042.wav
144,classical.00043.wav,classical,classical/classical.00043.wav
145,classical.00044.wav,classical,classical/classical.00044.wav
146,classical.00045.wav,classical,classical/classical.00045.wav
147,classical.00046.wav,classical,classical/classical.00046.wav
148,classical.00047.wav,classical,classical/classical.00047.wav
149,classical.00048.wav,classical,classical/classical.00048.wav
150,classical.00049.wav,classical,classical/classical.00049.wav
151,classical.00050.wav,classical,classical/classical.00050.wav
152,classical.00051.wav,classical,classical/classical.00051.wav
153,classical.00052.wav,classical,classical/classical.00052.wav
154,classical.00053.wav,classical,classical/classical.00053.wav
155,classical.00054.wav,classical,classical/classical.00054.wav
156,classical.00055.wav,classical,classical/classical.00055.wav
157,classical.00056.wav,classical,classical/classical.00056.wav
158,classical.00057.wav,classical,classical/classical.00057.wav
159,classical.00058.wav,classical,classical/classical.00058.wav
160,classical.00059.wav,classical,classical/classical.00059.wav
161,classical.00060.wav,classical,classical/classical.00060.wav
162,classical.00061.wav,classical,classical/classical.00061.wav
163,classical.00062.wav,classical,classical/classical.00062.wav
164,classical.00063.wav,classical,classical/classical.00063.wav
165,classical.00064.wav,classical,classical/classical.00064.wav
166,classical.00065.wav,classical,classical/classical.00065.wav
167,classical.00066.wav,classical,classical/classical.00066.wav
168,classical.00067.wav,classical,classical/classical.00067.wav
169,classical.00068.wav,classical,classical/classical.00068.wav
170,classical.00069.wav,classical,classical/classical.00069.wav
171,classical.00070.wav,classical,classical/classical.00070.wav
172,classical.00071.wav,classical,classical/classical.00071.wav
173,classical.00072.wav,classical,classical/classical.00072.wav
174,classical.00073.wav,classical,classical/classical.00073.wav
175,classical.00074.wav,classical,classical/classical.00074.wav
176,classical.00075.wav,classical,classical/classical.00075.wav
177,classical.00076.wav,classical,classical/classical.00076.wav
178,classical.00077.wav,classical,classical/classical.00077.wav
179,classical.00078.wav,classical,classical/classical.00078.wav
180,classical.00079.wav,classical,classical/classical.00079.wav
181,classical.00080.wav,classical,classical/classical.00080.wav
182,classical.00081.wav,classical,classical/classical.00081.wav
183,classical.00082.wav,classical,classical/classical.00082.wav
184,classical.00083.wav,classical,classical/classical.00083.wav
185,classical.00084.wav,classical,classical/classical.00084.wav
186,classical.00085.wav,classical,classical/classical.00085.wav
187,classical.00086.wav,classical,classical/classical.00086.wav
188,classical.00087.wav,classical,classical/classical.00087.wav
189,classical.00088.wav,classical,classical/classical.00088.wav
190,classical.00089.wav,classical,classical/classical.00089.wav
191,classical.00090.wav,classical,classical/classical.00090.wav
192,classical.00091.wav,classical,classical/classical.00091.wav
193,classical.00092.wav,classical,classical/classical.00092.wav
194,classical.00093.wav,classical,classical/classical.00093.wav
195,classical.00094.wav,classical,classical/classical.00094.wav
196,classical.00095.wav,classical,classical/classical.00095.wav
197,classical.00096.wav,classical,classical/classical.00096.wav
198,classical.00097.wav,classical,classical/classical.00097.wav
199,classical.00098.wav,classical,classical/classical.00098.wav
200,classical.00099.wav,classical,classical/classical.00099.wav
201,country.00000.wav,country,country/country.00000.wav
202,country.00001.wav,country,country/country.00001.wav
203,country.00002.wav,country,country/country.00002.wav
204,country.00003.wav,country,country/country.00003.wav
205,country.00004.wav,country,country/country.00004.wav
206,country.00005.wav,country,country/country.00005.wav
207,country.00006.wav,country,country/country.00006.wav
208,country.00007.wav,country,country/country.00007.wav
209,country.00008.wav,country,country/country.00008.wav
210,country.00009.wav,country,country/country.00009.wav
211,country.00010.wav,country,country/country.00010.wav
212,country.00011.wav,country,country/country.00011.wav
213,country.00012.wav,country,country/country.00012.wav
214,country.00013.wav,country,country/country.00013.wav
215,country.00014.wav,country,country/country.00014.wav
216,country.00015.wav,country,country/country.00015.wav
217,country.00016.wav,country,country/country.00016.wav
218,country.00017.wav,country,country/country.00017.wav
219,country.00018.wav,country,country/country.00018.wav
220,country.00019.wav,country,country/country.00019.wav
221,country.00020.wav,country,country/country.00020.wav
222,country.00021.wav,country,country/country.00021.wav
223,country.00022.wav,country,country/country.00022.wav
224,country.00023.wav,country,country/country.00023.wav
225,country.00024.wav,country,country/country.00024.wav
226,country.00025.wav,country,country/country.00025.wav
227,country.00026.wav,country,country/country.00026.wav
228,country.00027.wav,country,country/country.00027.wav
229,country.00028.wav,country,country/country.00028.wav
230,country.00029.wav,country,country/country.00029.wav
231,country.00030.wav,country,country/country.00030.wav
232,country.00031.wav,country,country/country.00031.wav
233,country.00032.wav,country,country/country.00032.wav
234,country.00033.wav,country,country/country.00033.wav
235,country.00034.wav,country,country/country.00034.wav
236,country.00035.wav,country,country/country.00035.wav
237,country.00036.wav,country,country/country.00036.wav
238,country.00037.wav,country,country/country.00037.wav
239,country.00038.wav,country,country/country.00038.wav
240,country.00039.wav,country,country/country.00039.wav
241,country.00040.wav,country,country/country.00040.wav
242,country.00041.wav,country,country/country.00041.wav
243,country.00042.wav,country,country/country.00042.wav
244,country.00043.wav,country,country/country.00043.wav
245,country.00044.wav,country,country/country.00044.wav
246,country.00045.wav,country,country/country.00045.wav
247,country.00046.wav,country,country/country.00046.wav
248,country.00047.wav,country,country/country.00047.wav
249,country.00048.wav,country,country/country.00048.wav
250,country.00049.wav,country,country/country.00049.wav
251,country.00050.wav,country,country/country.00050.wav
252,country.00051.wav,country,country/country.00051.wav
253,country.00052.wav,country,country/country.00052.wav
254,country.00053.wav,country,country/country.00053.wav
255,country.00054.wav,country,country/country.00054.wav
256,country.00055.wav,country,country/country.00055.wav
257,country.00056.wav,country,country/country.00056.wav
258,country.00057.wav,country,country/country.00057.wav
259,country.00058.wav,country,country/country.00058.wav
260,country.00059.wav,country,country/country.00059.wav
261,country.00060.wav,country,country/country.00060.wav
262,country.00061.wav,country,country/country.00061.wav
263,country.00062.wav,country,country/country.00062.wav
264,country.00063.wav,country,country/country.00063.wav
265,country.00064.wav,country,country/country.00064.wav
266,country.00065.wav,country,country/country.00065.wav
267,country.00066.wav,country,country/country.00066.wav
268,country.00067.wav,country,country/country.00067.wav
269,country.00068.wav,country,country/country.00068.wav
270,country.00069.wav,country,country/country.00069.wav
271,country.00070.wav,country,country/country.00070.wav
272,country.00071.wav,country,country/country.00071.wav
273,country.00072.wav,country,country/country.00072.wav
274,country.00073.wav,country,country/country.00073.wav
275,country.00074.wav,country,country/country.00074.wav
276,country.00075.wav,country,country/country.00075.wav
277,country.00076.wav,country,country/country.00076.wav
278,country.00077.wav,country,country/country.00077.wav
279,country.00078.wav,country,country/country.00078.wav
280,country.00079.wav,country,country/country.00079.wav
281,country.00080.wav,country,country/country.00080.wav
282,country.00081.wav,country,country/country.00081.wav
283,country.00082.wav,country,country/country.00082.wav
284,country.00083.wav,country,country/country.00083.wav
285,country.00084.wav,country,country/country.00084.wav
286,country.00085.wav,country,country/country.00085.wav
287,country.00086.wav,country,country/country.00086.wav
288,country.00087.wav,country,country/country.00087.wav
289,country.00088.wav,country,country/country.00088.wav
290,country.00089.wav,country,country/country.00089.wav
291,country.00090.wav,country,country/country.00090.wav
292,country.00091.wav,country,country/country.00091.wav
293,country.00092.wav,country,country/country.00092.wav
294,country.00093.wav,country,country/country.00093.wav
295,country.00094.wav,country,country/country.00094.wav
296,country.00095.wav,country,country/country.00095.wav
297,country.00096.wav,country,country/country.00096.wav
298,country.00097.wav,country,country/country.00097.wav
299,country.00098.wav,country,country/country.00098.wav
300,country.00099.wav,country,country/country.00099.wav
301,disco.00000.wav,disco,disco/disco.00000.wav
302,disco.00001.wav,disco,disco/disco.00001.wav
303,disco.00002.wav,disco,disco/disco.00002.wav
304,disco.00003.wav,disco,disco/disco.00003.wav
305,disco.00004.wav,disco,disco/disco.00004.wav
306,disco.00005.wav,disco,disco/disco.00005.wav
307,disco.00006.wav,disco,disco/disco.00006.wav
308,disco.00007.wav,disco,disco/disco.00007.wav
309,disco.00008.wav,disco,disco/disco.00008.wav
310,disco.00009.wav,disco,disco/disco.00009.wav
311,disco.00010.wav,disco,disco/disco.00010.wav
312,disco.00011.wav,disco,disco/disco.00011.wav
313,disco.00012.wav,disco,disco/disco.00012.wav
314,disco.00013.wav,disco,disco/disco.00013.wav
315,disco.00014.wav,disco,disco/disco.00014.wav
316,disco.00015.wav,disco,disco/disco.00015.wav
317,disco.00016.wav,disco,disco/disco.00016.wav
318,disco.00017.wav,disco,disco/disco.00017.wav
319,disco.00018.wav,disco,disco/disco.00018.wav
320,disco.00019.wav,disco,disco/disco.00019.wav
321,disco.00020.wav,disco,disco/disco.00020.wav
322,disco.00021.wav,disco,disco/disco.00021.wav
323,disco.00022.wav,disco,disco/disco.00022.wav
324,disco.00023.wav,disco,disco/disco.00023.wav
325,disco.00024.wav,disco,disco/disco.00024.wav
326,disco.00025.wav,disco,disco/disco.00025.wav
327,disco.00026.wav,disco,disco/disco.00026.wav
328,disco.00027.wav,disco,disco/disco.00027.wav
329,disco.00028.wav,disco,disco/disco.00028.wav
330,disco.00029.wav,disco,disco/disco.00029.wav
331,disco.00030.wav,disco,disco/disco.00030.wav
332,disco.00031.wav,disco,disco/disco.00031.wav
333,disco.00032.wav,disco,disco/disco.00032.wav
334,disco.00033.wav,disco,disco/disco.00033.wav
335,disco.00034.wav,disco,disco/disco.00034.wav
336,disco.00035.wav,disco,disco/disco.00035.wav
337,disco.00036.wav,disco,disco/disco.00036.wav
338,disco.00037.wav,disco,disco/disco.00037.wav
339,disco.00038.wav,disco,disco/disco.00038.wav
340,disco.00039.wav,disco,disco/disco.00039.wav
341,disco.00040.wav,disco,disco/disco.00040.wav
342,disco.00041.wav,disco,disco/disco.00041.wav
343,disco.00042.wav,disco,disco/disco.00042.wav
344,disco.00043.wav,disco,disco/disco.00043.wav
345,disco.00044.wav,disco,disco/disco.00044.wav
346,disco.00045.wav,disco,disco/disco.00045.wav
347,disco.00046.wav,disco,disco/disco.00046.wav
348,disco.00047.wav,disco,disco/disco.00047.wav
349,disco.00048.wav,disco,disco/disco.00048.wav
350,disco.00049.wav,disco,disco/disco.00049.wav
351,disco.00050.wav,disco,disco/disco.00050.wav
352,disco.00051.wav,disco,disco/disco.00051.wav
353,disco.00052.wav,disco,disco/disco.00052.wav
354,disco.00053.wav,disco,disco/disco.00053.wav
355,disco.00054.wav,disco,disco/disco.00054.wav
356,disco.00055.wav,disco,disco/disco.00055.wav
357,disco.00056.wav,disco,disco/disco.00056.wav
358,disco.00057.wav,disco,disco/disco.00057.wav
359,disco.00058.wav,disco,disco/disco.00058.wav
360,disco.00059.wav,disco,disco/disco.00059.wav
361,disco.00060.wav,disco,disco/disco.00060.wav
362,disco.00061.wav,disco,disco/disco.00061.wav
363,disco.00062.wav,disco,disco/disco.00062.wav
364,disco.00063.wav,disco,disco/disco.00063.wav
365,disco.00064.wav,disco,disco/disco.00064.wav
366,disco.00065.wav,disco,disco/disco.00065.wav
367,disco.00066.wav,disco,disco/disco.00066.wav
368,disco.00067.wav,disco,disco/disco.00067.wav
369,disco.00068.wav,disco,disco/disco.00068.wav
370,disco.00069.wav,disco,disco/disco.00069.wav
371,disco.00070.wav,disco,disco/disco.00070.wav
372,disco.00071.wav,disco,disco/disco.00071.wav
373,disco.00072.wav,disco,disco/disco.00072.wav
374,disco.00073.wav,disco,disco/disco.00073.wav
375,disco.00074.wav,disco,disco/disco.00074.wav
376,disco.00075.wav,disco,disco/disco.00075.wav
377,disco.00076.wav,disco,disco/disco.00076.wav
378,disco.00077.wav,disco,disco/disco.00077.wav
379,disco.00078.wav,disco,disco/disco.00078.wav
380,disco.00079.wav,disco,disco/disco.00079.wav
381,disco.00080.wav,disco,disco/disco.00080.wav
382,disco.00081.wav,disco,disco/disco.00081.wav
383,disco.00082.wav,disco,disco/disco.00082.wav
384,disco.00083.wav,disco,disco/disco.00083.wav
385,disco.00084.wav,disco,disco/disco.00084.wav
386,disco.00085.wav,disco,disco/disco.00085.wav
387,disco.00086.wav,disco,disco/disco.00086.wav
388,disco.00087.wav,disco,disco/disco.00087.wav
389,disco.00088.wav,disco,disco/disco.00088.wav
390,disco.00089.wav,disco,disco/disco.00089.wav
391,disco.00090.wav,disco,disco/disco.00090.wav
392,disco.00091.wav,disco,disco/disco.00091.wav
393,disco.00092.wav,disco,disco/disco.00092.wav
394,disco.00093.wav,disco,disco/disco.00093.wav
395,disco.00094.wav,disco,disco/disco.00094.wav
396,disco.00095.wav,disco,disco/disco.00095.wav
397,disco.00096.wav,disco,disco/disco.00096.wav
398,disco.00097.wav,disco,disco/disco.00097.wav
399,disco.00098.wav,disco,disco/disco.00098.wav
400,disco.00099.wav,disco,disco/disco.00099.wav
401,hiphop.00000.wav,hiphop,hiphop/hiphop.00000.wav
402,hiphop.00001.wav,hiphop,hiphop/hiphop.00001.wav
403,hiphop.00002.wav,hiphop,hiphop/hiphop.00002.wav
404,hiphop.00003.wav,hiphop,hiphop/hiphop.00003.wav
405,hiphop.00004.wav,hiphop,hiphop/hiphop.00004.wav
406,hiphop.00005.wav,hiphop,hiphop/hiphop.00005.wav
407,hiphop.00006.wav,hiphop,hiphop/hiphop.00006.wav
408,hiphop.00007.wav,hiphop,hiphop/hiphop.00007.wav
409,hiphop.00008.wav,hiphop,hiphop/hiphop.00008.wav
410,hiphop.00009.wav,hiphop,hiphop/hiphop.00009.wav
411,hiphop.00010.wav,hiphop,hiphop/hiphop.00010.wav
412,hiphop.00011.wav,hiphop,hiphop/hiphop.00011.wav
413,hiphop.00012.wav,hiphop,hiphop/hiphop.00012.wav
414,hiphop.00013.wav,hiphop,hiphop/hiphop.00013.wav
415,hiphop.00014.wav,hiphop,hiphop/hiphop.00014.wav
416,hiphop.00015.wav,hiphop,hiphop/hiphop.00015.wav
417,hiphop.00016.wav,hiphop,hiphop/hiphop.00016.wav
418,hiphop.00017.wav,hiphop,hiphop/hiphop.00017.wav
419,hiphop.00018.wav,hiphop,hiphop/hiphop.00018.wav
420,hiphop.00019.wav,hiphop,hiphop/hiphop.00019.wav
421,hiphop.00020.wav,hiphop,hiphop/hiphop.00020.wav
422,hiphop.00021.wav,hiphop,hiphop/hiphop.00021.wav
423,hiphop.00022.wav,hiphop,hiphop/hiphop.00022.wav
424,hiphop.00023.wav,hiphop,hiphop/hiphop.00023.wav
425,hiphop.00024.wav,hiphop,hiphop/hiphop.00024.wav
426,hiphop.00025.wav,hiphop,hiphop/hiphop.00025.wav
427,hiphop.00026.wav,hiphop,hiphop/hiphop.00026.wav
428,hiphop.00027.wav,hiphop,hiphop/hiphop.00027.wav
429,hiphop.00028.wav,hiphop,hiphop/hiphop.00028.wav
430,hiphop.00029.wav,hiphop,hiphop/hiphop.00029.wav
431,hiphop.00030.wav,hiphop,hiphop/hiphop.00030.wav
432,hiphop.00031.wav,hiphop,hiphop/hiphop.00031.wav
433,hiphop.00032.wav,hiphop,hiphop/hiphop.00032.wav
434,hiphop.00033.wav,hiphop,hiphop/hiphop.00033.wav
435,hiphop.00034.wav,hiphop,hiphop/hiphop.00034.wav
436,hiphop.00035.wav,hiphop,hiphop/hiphop.00035.wav
437,hiphop.00036.wav,hiphop,hiphop/hiphop.00036.wav
438,hiphop.00037.wav,hiphop,hiphop/hiphop.00037.wav
439,hiphop.00038.wav,hiphop,hiphop/hiphop.00038.wav
440,hiphop.00039.wav,hiphop,hiphop/hiphop.00039.wav
441,hiphop.00040.wav,hiphop,hiphop/hiphop.00040.wav
442,hiphop.00041.wav,hiphop,hiphop/hiphop.00041.wav
443,hiphop.00042.wav,hiphop,hiphop/hiphop.00042.wav
444,hiphop.00043.wav,hiphop,hiphop/hiphop.00043.wav
445,hiphop.00044.wav,hiphop,hiphop/hiphop.00044.wav
446,hiphop.00045.wav,hiphop,hiphop/hiphop.00045.wav
447,hiphop.00046.wav,hiphop,hiphop/hiphop.00046.wav
448,hiphop.00047.wav,hiphop,hiphop/hiphop.00047.wav
449,hiphop.00048.wav,hiphop,hiphop/hiphop.00048.wav
450,hiphop.00049.wav,hiphop,hiphop/hiphop.00049.wav
451,hiphop.00050.wav,hiphop,hiphop/hiphop.00050.wav
452,hiphop.00051.wav,hiphop,hiphop/hiphop.00051.wav
453,hiphop.00052.wav,hiphop,hiphop/hiphop.00052.wav
454,hiphop.00053.wav,hiphop,hiphop/hiphop.00053.wav
455,hiphop.00054.wav,hiphop,hiphop/hiphop.00054.wav
456,hiphop.00055.wav,hiphop,hiphop/hiphop.00055.wav
457,hiphop.00056.wav,hiphop,hiphop/hiphop.00056.wav
458,hiphop.00057.wav,hiphop,hiphop/hiphop.00057.wav
459,hiphop.00058.wav,hiphop,hiphop/hiphop.00058.wav
460,hiphop.00059.wav,hiphop,hiphop/hiphop.00059.wav
461,hiphop.00060.wav,hiphop,hiphop/hiphop.00060.wav
462,hiphop.00061.wav,hiphop,hiphop/hiphop.00061.wav
463,hiphop.00062.wav,hiphop,hiphop/hiphop.00062.wav
464,hiphop.00063.wav,hiphop,hiphop/hiphop.00063.wav
465,hiphop.00064.wav,hiphop,hiphop/hiphop.00064.wav
466,hiphop.00065.wav,hiphop,hiphop/hiphop.00065.wav
467,hiphop.00066.wav,hiphop,hiphop/hiphop.00066.wav
468,hiphop.00067.wav,hiphop,hiphop/hiphop.00067.wav
469,hiphop.00068.wav,hiphop,hiphop/hiphop.00068.wav
470,hiphop.00069.wav,hiphop,hiphop/hiphop.00069.wav
471,hiphop.00070.wav,hiphop,hiphop/hiphop.00070.wav
472,hiphop.00071.wav,hiphop,hiphop/hiphop.00071.wav
473,hiphop.00072.wav,hiphop,hiphop/hiphop.00072.wav
474,hiphop.00073.wav,hiphop,hiphop/hiphop.00073.wav
475,hiphop.00074.wav,hiphop,hiphop/hiphop.00074.wav
476,hiphop.00075.wav,hiphop,hiphop/hiphop.00075.wav
477,hiphop.00076.wav,hiphop,hiphop/hiphop.00076.wav
478,hiphop.00077.wav,hiphop,hiphop/hiphop.00077.wav
479,hiphop.00078.wav,hiphop,hiphop/hiphop.00078.wav
480,hiphop.00079.wav,hiphop,hiphop/hiphop.00079.wav
481,hiphop.00080.wav,hiphop,hiphop/hiphop.00080.wav
482,hiphop.00081.wav,hiphop,hiphop/hiphop.00081.wav
483,hiphop.00082.wav,hiphop,hiphop/hiphop.00082.wav
484,hiphop.00083.wav,hiphop,hiphop/hiphop.00083.wav
485,hiphop.00084.wav,hiphop,hiphop/hiphop.00084.wav
486,hiphop.00085.wav,hiphop,hiphop/hiphop.00085.wav
487,hiphop.00086.wav,hiphop,hiphop/hiphop.00086.wav
488,hiphop.00087.wav,hiphop,hiphop/hiphop.00087.wav
489,hiphop.00088.wav,hiphop,hiphop/hiphop.00088.wav
490,hiphop.00089.wav,hiphop,hiphop/hiphop.00089.wav
491,hiphop.00090.wav,hiphop,hiphop/hiphop.00090.wav
492,hiphop.00091.wav,hiphop,hiphop/hiphop.00091.wav
493,hiphop.00092.wav,hiphop,hiphop/hiphop.00092.wav
494,hiphop.00093.wav,hiphop,hiphop/hiphop.00093.wav
495,hiphop.00094.wav,hiphop,hiphop/hiphop.00094.wav
496,hiphop.00095.wav,hiphop,hiphop/hiphop.00095.wav
497,hiphop.00096.wav,hiphop,hiphop/hiphop.00096.wav
498,hiphop.00097.wav,hiphop,hiphop/hiphop.00097.wav
499,hiphop.00098.wav,hiphop,hiphop/hiphop.00098.wav
500,hiphop.00099.wav,hiphop,hiphop/hiphop.00099.wav
501,jazz.00000.wav,jazz,jazz/jazz.00000.wav
502,jazz.00001.wav,jazz,jazz/jazz.00001.wav
503,jazz.00002.wav,jazz,jazz/jazz.00002.wav
504,jazz.00003.wav,jazz,jazz/jazz.00003.wav
505,jazz.00004.wav,jazz,jazz/jazz.00004.wav
506,jazz.00005.wav,jazz,jazz/jazz.00005.wav
507,jazz.00006.wav,jazz,jazz/jazz.00006.wav
508,jazz.00007.wav,jazz,jazz/jazz.00007.wav
509,jazz.00008.wav,jazz,jazz/jazz.00008.wav
510,jazz.00009.wav,jazz,jazz/jazz.00009.wav
511,jazz.00010.wav,jazz,jazz/jazz.00010.wav
512,jazz.00011.wav,jazz,jazz/jazz.00011.wav
513,jazz.00012.wav,jazz,jazz/jazz.00012.wav
514,jazz.00013.wav,jazz,jazz/jazz.00013.wav
515,jazz.00014.wav,jazz,jazz/jazz.00014.wav
516,jazz.00015.wav,jazz,jazz/jazz.00015.wav
517,jazz.00016.wav,jazz,jazz/jazz.00016.wav
518,jazz.00017.wav,jazz,jazz/jazz.00017.wav
519,jazz.00018.wav,jazz,jazz/jazz.00018.wav
520,jazz.00019.wav,jazz,jazz/jazz.00019.wav
521,jazz.00020.wav,jazz,jazz/jazz.00020.wav
522,jazz.00021.wav,jazz,jazz/jazz.00021.wav
523,jazz.00022.wav,jazz,jazz/jazz.00022.wav
524,jazz.00023.wav,jazz,jazz/jazz.00023.wav
525,jazz.00024.wav,jazz,jazz/jazz.00024.wav
526,jazz.00025.wav,jazz,jazz/jazz.00025.wav
527,jazz.00026.wav,jazz,jazz/jazz.00026.wav
528,jazz.00027.wav,jazz,jazz/jazz.00027.wav
529,jazz.00028.wav,jazz,jazz/jazz.00028.wav
530,jazz.00029.wav,jazz,jazz/jazz.00029.wav
531,jazz.00030.wav,jazz,jazz/jazz.00030.wav
532,jazz.00031.wav,jazz,jazz/jazz.00031.wav
533,jazz.00032.wav,jazz,jazz/jazz.00032.wav
534,jazz.00033.wav,jazz,jazz/jazz.00033.wav
535,jazz.00034.wav,jazz,jazz/jazz.00034.wav
536,jazz.00035.wav,jazz,jazz/jazz.00035.wav
537,jazz.00036.wav,jazz,jazz/jazz.00036.wav
538,jazz.00037.wav,jazz,jazz/jazz.00037.wav
539,jazz.00038.wav,jazz,jazz/jazz.00038.wav
540,jazz.00039.wav,jazz,jazz/jazz.00039.wav
541,jazz.00040.wav,jazz,jazz/jazz.00040.wav
542,jazz.00041.wav,jazz,jazz/jazz.00041.wav
543,jazz.00042.wav,jazz,jazz/jazz.00042.wav
544,jazz.00043.wav,jazz,jazz/jazz.00043.wav
545,jazz.00044.wav,jazz,jazz/jazz.00044.wav
546,jazz.00045.wav,jazz,jazz/jazz.00045.wav
547,jazz.00046.wav,jazz,jazz/jazz.00046.wav
548,jazz.00047.wav,jazz,jazz/jazz.00047.wav
549,jazz.00048.wav,jazz,jazz/jazz.00048.wav
550,jazz.00049.wav,jazz,jazz/jazz.00049.wav
551,jazz.00050.wav,jazz,jazz/jazz.00050.wav
552,jazz.00051.wav,jazz,jazz/jazz.00051.wav
553,jazz.00052.wav,jazz,jazz/jazz.00052.wav
554,jazz.00053.wav,jazz,jazz/jazz.00053.wav
555,jazz.00054.wav,jazz,jazz/jazz.00054.wav
556,jazz.00055.wav,jazz,jazz/jazz.00055.wav
557,jazz.00056.wav,jazz,jazz/jazz.00056.wav
558,jazz.00057.wav,jazz,jazz/jazz.00057.wav
559,jazz.00058.wav,jazz,jazz/jazz.00058.wav
560,jazz.00059.wav,jazz,jazz/jazz.00059.wav
561,jazz.00060.wav,jazz,jazz/jazz.00060.wav
562,jazz.00061.wav,jazz,jazz/jazz.00061.wav
563,jazz.00062.wav,jazz,jazz/jazz.00062.wav
564,jazz.00063.wav,jazz,jazz/jazz.00063.wav
565,jazz.00064.wav,jazz,jazz/jazz.00064.wav
566,jazz.00065.wav,jazz,jazz/jazz.00065.wav
567,jazz.00066.wav,jazz,jazz/jazz.00066.wav
568,jazz.00067.wav,jazz,jazz/jazz.00067.wav
569,jazz.00068.wav,jazz,jazz/jazz.00068.wav
570,jazz.00069.wav,jazz,jazz/jazz.00069.wav
571,jazz.00070.wav,jazz,jazz/jazz.00070.wav
572,jazz.00071.wav,jazz,jazz/jazz.00071.wav
573,jazz.00072.wav,jazz,jazz/jazz.00072.wav
574,jazz.00073.wav,jazz,jazz/jazz.00073.wav
575,jazz.00074.wav,jazz,jazz/jazz.00074.wav
576,jazz.00075.wav,jazz,jazz/jazz.00075.wav
577,jazz.00076.wav,jazz,jazz/jazz.00076.wav
578,jazz.00077.wav,jazz,jazz/jazz.00077.wav
579,jazz.00078.wav,jazz,jazz/jazz.00078.wav
580,jazz.00079.wav,jazz,jazz/jazz.00079.wav
581,jazz.00080.wav,jazz,jazz/jazz.00080.wav
582,jazz.00081.wav,jazz,jazz/jazz.00081.wav
583,jazz.00082.wav,jazz,jazz/jazz.00082.wav
584,jazz.00083.wav,jazz,jazz/jazz.00083.wav
585,jazz.00084.wav,jazz,jazz/jazz.00084.wav
586,jazz.00085.wav,jazz,jazz/jazz.00085.wav
587,jazz.00086.wav,jazz,jazz/jazz.00086.wav
588,jazz.00087.wav,jazz,jazz/jazz.00087.wav
589,jazz.00088.wav,jazz,jazz/jazz.00088.wav
590,jazz.00089.wav,jazz,jazz/jazz.00089.wav
591,jazz.00090.wav,jazz,jazz/jazz.00090.wav
592,jazz.00091.wav,jazz,jazz/jazz.00091.wav
593,jazz.00092.wav,jazz,jazz/jazz.00092.wav
594,jazz.00093.wav,jazz,jazz/jazz.00093.wav
595,jazz.00094.wav,jazz,jazz/jazz.00094.wav
596,jazz.00095.wav,jazz,jazz/jazz.00095.wav
597,jazz.00096.wav,jazz,jazz/jazz.00096.wav
598,jazz.00097.wav,jazz,jazz/jazz.00097.wav
599,jazz.00098.wav,jazz,jazz/jazz.00098.wav
600,jazz.00099.wav,jazz,jazz/jazz.00099.wav
601,metal.00000.wav,metal,metal/metal.00000.wav
602,metal.00001.wav,metal,metal/metal.00001.wav
603,metal.00002.wav,metal,metal/metal.00002.wav
604,metal.00003.wav,metal,metal/metal.00003.wav
605,metal.00004.wav,metal,metal/metal.00004.wav
606,metal.00005.wav,metal,metal/metal.00005.wav
607,metal.00006.wav,metal,metal/metal.00006.wav
608,metal.00007.wav,metal,metal/metal.00007.wav
609,metal.00008.wav,metal,metal/metal.00008.wav
610,metal.00009.wav,metal,metal/metal.00009.wav
611,metal.00010.wav,metal,metal/metal.00010.wav
612,metal.00011.wav,metal,metal/metal.00011.wav
613,metal.00012.wav,metal,metal/metal.00012.wav
614,metal.00013.wav,metal,metal/metal.00013.wav
615,metal.00014.wav,metal,metal/metal.00014.wav
616,metal.00015.wav,metal,metal/metal.00015.wav
617,metal.00016.wav,metal,metal/metal.00016.wav
618,metal.00017.wav,metal,metal/metal.00017.wav
619,metal.00018.wav,metal,metal/metal.00018.wav
620,metal.00019.wav,metal,metal/metal.00019.wav
621,metal.00020.wav,metal,metal/metal.00020.wav
622,metal.00021.wav,metal,metal/metal.00021.wav
623,metal.00022.wav,metal,metal/metal.00022.wav
624,metal.00023.wav,metal,metal/metal.00023.wav
625,metal.00024.wav,metal,metal/metal.00024.wav
626,metal.00025.wav,metal,metal/metal.00025.wav
627,metal.00026.wav,metal,metal/metal.00026.wav
628,metal.00027.wav,metal,metal/metal.00027.wav
629,metal.00028.wav,metal,metal/metal.00028.wav
630,metal.00029.wav,metal,metal/metal.00029.wav
631,metal.00030.wav,metal,metal/metal.00030.wav
632,metal.00031.wav,metal,metal/metal.00031.wav
633,metal.00032.wav,metal,metal/metal.00032.wav
634,metal.00033.wav,metal,metal/metal.00033.wav
635,metal.00034.wav,metal,metal/metal.00034.wav
636,metal.00035.wav,metal,metal/metal.00035.wav
637,metal.00036.wav,metal,metal/metal.00036.wav
638,metal.00037.wav,metal,metal/metal.00037.wav
639,metal.00038.wav,metal,metal/metal.00038.wav
640,metal.00039.wav,metal,metal/metal.00039.wav
641,metal.00040.wav,metal,metal/metal.00040.wav
642,metal.00041.wav,metal,metal/metal.00041.wav
643,metal.00042.wav,metal,metal/metal.00042.wav
644,metal.00043.wav,metal,metal/metal.00043.wav
645,metal.00044.wav,metal,metal/metal.00044.wav
646,metal.00045.wav,metal,metal/metal.00045.wav
647,metal.00046.wav,metal,metal/metal.00046.wav
648,metal.00047.wav,metal,metal/metal.00047.wav
649,metal.00048.wav,metal,metal/metal.00048.wav
650,metal.00049.wav,metal,metal/metal.00049.wav
651,metal.00050.wav,metal,metal/metal.00050.wav
652,metal.00051.wav,metal,metal/metal.00051.wav
653,metal.00052.wav,metal,metal/metal.00052.wav
654,metal.00053.wav,metal,metal/metal.00053.wav
655,metal.00054.wav,metal,metal/metal.00054.wav
656,metal.00055.wav,metal,metal/metal.00055.wav
657,metal.00056.wav,metal,metal/metal.00056.wav
658,metal.00057.wav,metal,metal/metal.00057.wav
659,metal.00058.wav,metal,metal/metal.00058.wav
660,metal.00059.wav,metal,metal/metal.00059.wav
661,metal.00060.wav,metal,metal/metal.00060.wav
662,metal.00061.wav,metal,metal/metal.00061.wav
663,metal.00062.wav,metal,metal/metal.00062.wav
664,metal.00063.wav,metal,metal/metal.00063.wav
665,metal.00064.wav,metal,metal/metal.00064.wav
666,metal.00065.wav,metal,metal/metal.00065.wav
667,metal.00066.wav,metal,metal/metal.00066.wav
668,metal.00067.wav,metal,metal/metal.00067.wav
669,metal.00068.wav,metal,metal/metal.00068.wav
670,metal.00069.wav,metal,metal/metal.00069.wav
671,metal.00070.wav,metal,metal/metal.00070.wav
672,metal.00071.wav,metal,metal/metal.00071.wav
673,metal.00072.wav,metal,metal/metal.00072.wav
674,metal.00073.wav,metal,metal/metal.00073.wav
675,metal.00074.wav,metal,metal/metal.00074.wav
676,metal.00075.wav,metal,metal/metal.00075.wav
677,metal.00076.wav,metal,metal/metal.00076.wav
678,metal.00077.wav,metal,metal/metal.00077.wav
679,metal.00078.wav,metal,metal/metal.00078.wav
680,metal.00079.wav,metal,metal/metal.00079.wav
681,metal.00080.wav,metal,metal/metal.00080.wav
682,metal.00081.wav,metal,metal/metal.00081.wav
683,metal.00082.wav,metal,metal/metal.00082.wav
684,metal.00083.wav,metal,metal/metal.00083.wav
685,metal.00084.wav,metal,metal/metal.00084.wav
686,metal.00085.wav,metal,metal/metal.00085.wav
687,metal.00086.wav,metal,metal/metal.00086.wav
688,metal.00087.wav,metal,metal/metal.00087.wav
689,metal.00088.wav,metal,metal/metal.00088.wav
690,metal.00089.wav,metal,metal/metal.00089.wav
691,metal.00090.wav,metal,metal/metal.00090.wav
692,metal.00091.wav,metal,metal/metal.00091.wav
693,metal.00092.wav,metal,metal/metal.00092.wav
694,metal.00093.wav,metal,metal/metal.00093.wav
695,metal.00094.wav,metal,metal/metal.00094.wav
696,metal.00095.wav,metal,metal/metal.00095.wav
697,metal.00096.wav,metal,metal/metal.00096.wav
698,metal.00097.wav,metal,metal/metal.00097.wav
699,metal.00098.wav,metal,metal/metal.00098.wav
700,metal.00099.wav,metal,metal/metal.00099.wav
701,pop.00000.wav,pop,pop/pop.00000.wav
702,pop.00001.wav,pop,pop/pop.00001.wav
703,pop.00002.wav,pop,pop/pop.00002.wav
704,pop.00003.wav,pop,pop/pop.00003.wav
705,pop.00004.wav,pop,pop/pop.00004.wav
706,pop.00005.wav,pop,pop/pop.00005.wav
707,pop.00006.wav,pop,pop/pop.00006.wav
708,pop.00007.wav,pop,pop/pop.00007.wav
709,pop.00008.wav,pop,pop/pop.00008.wav
710,pop.00009.wav,pop,pop/pop.00009.wav
711,pop.00010.wav,pop,pop/pop.00010.wav
712,pop.00011.wav,pop,pop/pop.00011.wav
713,pop.00012.wav,pop,pop/pop.00012.wav
714,pop.00013.wav,pop,pop/pop.00013.wav
715,pop.00014.wav,pop,pop/pop.00014.wav
716,pop.00015.wav,pop,pop/pop.00015.wav
717,pop.00016.wav,pop,pop/pop.00016.wav
718,pop.00017.wav,pop,pop/pop.00017.wav
719,pop.00018.wav,pop,pop/pop.00018.wav
720,pop.00019.wav,pop,pop/pop.00019.wav
721,pop.00020.wav,pop,pop/pop.00020.wav
722,pop.00021.wav,pop,pop/pop.00021.wav
723,pop.00022.wav,pop,pop/pop.00022.wav
724,pop.00023.wav,pop,pop/pop.00023.wav
725,pop.00024.wav,pop,pop/pop.00024.wav
726,pop.00025.wav,pop,pop/pop.00025.wav
727,pop.00026.wav,pop,pop/pop.00026.wav
728,pop.00027.wav,pop,pop/pop.00027.wav
729,pop.00028.wav,pop,pop/pop.00028.wav
730,pop.00029.wav,pop,pop/pop.00029.wav
731,pop.00030.wav,pop,pop/pop.00030.wav
732,pop.00031.wav,pop,pop/pop.00031.wav
733,pop.00032.wav,pop,pop/pop.00032.wav
734,pop.00033.wav,pop,pop/pop.00033.wav
735,pop.00034.wav,pop,pop/pop.00034.wav
736,pop.00035.wav,pop,pop/pop.00035.wav
737,pop.00036.wav,pop,pop/pop.00036.wav
738,pop.00037.wav,pop,pop/pop.00037.wav
739,pop.00038.wav,pop,pop/pop.00038.wav
740,pop.00039.wav,pop,pop/pop.00039.wav
741,pop.00040.wav,pop,pop/pop.00040.wav
742,pop.00041.wav,pop,pop/pop.00041.wav
743,pop.00042.wav,pop,pop/pop.00042.wav
744,pop.00043.wav,pop,pop/pop.00043.wav
745,pop.00044.wav,pop,pop/pop.00044.wav
746,pop.00045.wav,pop,pop/pop.00045.wav
747,pop.00046.wav,pop,pop/pop.00046.wav
748,pop.00047.wav,pop,pop/pop.00047.wav
749,pop.00048.wav,pop,pop/pop.00048.wav
750,pop.00049.wav,pop,pop/pop.00049.wav
751,pop.00050.wav,pop,pop/pop.00050.wav
752,pop.00051.wav,pop,pop/pop.00051.wav
753,pop.00052.wav,pop,pop/pop.00052.wav
754,pop.00053.wav,pop,pop/pop.00053.wav
755,pop.00054.wav,pop,pop/pop.00054.wav
756,pop.00055.wav,pop,pop/pop.00055.wav
757,pop.00056.wav,pop,pop/pop.00056.wav
758,pop.00057.wav,pop,pop/pop.00057.wav
759,pop.00058.wav,pop,pop/pop.00058.wav
760,pop.00059.wav,pop,pop/pop.00059.wav
761,pop.00060.wav,pop,pop/pop.00060.wav
762,pop.00061.wav,pop,pop/pop.00061.wav
763,pop.00062.wav,pop,pop/pop.00062.wav
764,pop.00063.wav,pop,pop/pop.00063.wav
765,pop.00064.wav,pop,pop/pop.00064.wav
766,pop.00065.wav,pop,pop/pop.00065.wav
767,pop.00066.wav,pop,pop/pop.00066.wav
768,pop.00067.wav,pop,pop/pop.00067.wav
769,pop.00068.wav,pop,pop/pop.00068.wav
770,pop.00069.wav,pop,pop/pop.00069.wav
771,pop.00070.wav,pop,pop/pop.00070.wav
772,pop.00071.wav,pop,pop/pop.00071.wav
773,pop.00072.wav,pop,pop/pop.00072.wav
774,pop.00073.wav,pop,pop/pop.00073.wav
775,pop.00074.wav,pop,pop/pop.00074.wav
776,pop.00075.wav,pop,pop/pop.00075.wav
777,pop.00076.wav,pop,pop/pop.00076.wav
778,pop.00077.wav,pop,pop/pop.00077.wav
779,pop.00078.wav,pop,pop/pop.00078.wav
780,pop.00079.wav,pop,pop/pop.00079.wav
781,pop.00080.wav,pop,pop/pop.00080.wav
782,pop.00081.wav,pop,pop/pop.00081.wav
783,pop.00082.wav,pop,pop/pop.00082.wav
784,pop.00083.wav,pop,pop/pop.00083.wav
785,pop.00084.wav,pop,pop/pop.00084.wav
786,pop.00085.wav,pop,pop/pop.00085.wav
787,pop.00086.wav,pop,pop/pop.00086.wav
788,pop.00087.wav,pop,pop/pop.00087.wav
789,pop.00088.wav,pop,pop/pop.00088.wav
790,pop.00089.wav,pop,pop/pop.00089.wav
791,pop.00090.wav,pop,pop/pop.00090.wav
792,pop.00091.wav,pop,pop/pop.00091.wav
793,pop.00092.wav,pop,pop/pop.00092.wav
794,pop.00093.wav,pop,pop/pop.00093.wav
795,pop.00094.wav,pop,pop/pop.00094.wav
796,pop.00095.wav,pop,pop/pop.00095.wav
797,pop.00096.wav,pop,pop/pop.00096.wav
798,pop.00097.wav,pop,pop/pop.00097.wav
799,pop.00098.wav,pop,pop/pop.00098.wav
800,pop.00099.wav,pop,pop/pop.00099.wav
801,reggae.00000.wav,reggae,reggae/reggae.00000.wav
802,reggae.00001.wav,reggae,reggae/reggae.00001.wav
803,reggae.00002.wav,reggae,reggae/reggae.00002.wav
804,reggae.00003.wav,reggae,reggae/reggae.00003.wav
805,reggae.00004.wav,reggae,reggae/reggae.00004.wav
806,reggae.00005.wav,reggae,reggae/reggae.00005.wav
807,reggae.00006.wav,reggae,reggae/reggae.00006.wav
808,reggae.00007.wav,reggae,reggae/reggae.00007.wav
809,reggae.00008.wav,reggae,reggae/reggae.00008.wav
810,reggae.00009.wav,reggae,reggae/reggae.00009.wav
811,reggae.00010.wav,reggae,reggae/reggae.00010.wav
812,reggae.00011.wav,reggae,reggae/reggae.00011.wav
813,reggae.00012.wav,reggae,reggae/reggae.00012.wav
814,reggae.00013.wav,reggae,reggae/reggae.00013.wav
815,reggae.00014.wav,reggae,reggae/reggae.00014.wav
816,reggae.00015.wav,reggae,reggae/reggae.00015.wav
817,reggae.00016.wav,reggae,reggae/reggae.00016.wav
818,reggae.00017.wav,reggae,reggae/reggae.00017.wav
819,reggae.00018.wav,reggae,reggae/reggae.00018.wav
820,reggae.00019.wav,reggae,reggae/reggae.00019.wav
821,reggae.00020.wav,reggae,reggae/reggae.00020.wav
822,reggae.00021.wav,reggae,reggae/reggae.00021.wav
823,reggae.00022.wav,reggae,reggae/reggae.00022.wav
824,reggae.00023.wav,reggae,reggae/reggae.00023.wav
825,reggae.00024.wav,reggae,reggae/reggae.00024.wav
826,reggae.00025.wav,reggae,reggae/reggae.00025.wav
827,reggae.00026.wav,reggae,reggae/reggae.00026.wav
828,reggae.00027.wav,reggae,reggae/reggae.00027.wav
829,reggae.00028.wav,reggae,reggae/reggae.00028.wav
830,reggae.00029.wav,reggae,reggae/reggae.00029.wav
831,reggae.00030.wav,reggae,reggae/reggae.00030.wav
832,reggae.00031.wav,reggae,reggae/reggae.00031.wav
833,reggae.00032.wav,reggae,reggae/reggae.00032.wav
834,reggae.00033.wav,reggae,reggae/reggae.00033.wav
835,reggae.00034.wav,reggae,reggae/reggae.00034.wav
836,reggae.00035.wav,reggae,reggae/reggae.00035.wav
837,reggae.00036.wav,reggae,reggae/reggae.00036.wav
838,reggae.00037.wav,reggae,reggae/reggae.00037.wav
839,reggae.00038.wav,reggae,reggae/reggae.00038.wav
840,reggae.00039.wav,reggae,reggae/reggae.00039.wav
841,reggae.00040.wav,reggae,reggae/reggae.00040.wav
842,reggae.00041.wav,reggae,reggae/reggae.00041.wav
843,reggae.00042.wav,reggae,reggae/reggae.00042.wav
844,reggae.00043.wav,reggae,reggae/reggae.00043.wav
845,reggae.00044.wav,reggae,reggae/reggae.00044.wav
846,reggae.00045.wav,reggae,reggae/reggae.00045.wav
847,reggae.00046.wav,reggae,reggae/reggae.00046.wav
848,reggae.00047.wav,reggae,reggae/reggae.00047.wav
849,reggae.00048.wav,reggae,reggae/reggae.00048.wav
850,reggae.00049.wav,reggae,reggae/reggae.00049.wav
851,reggae.00050.wav,reggae,reggae/reggae.00050.wav
852,reggae.00051.wav,reggae,reggae/reggae.00051.wav
853,reggae.00052.wav,reggae,reggae/reggae.00052.wav
854,reggae.00053.wav,reggae,reggae/reggae.00053.wav
855,reggae.00054.wav,reggae,reggae/reggae.00054.wav
856,reggae.00055.wav,reggae,reggae/reggae.00055.wav
857,reggae.00056.wav,reggae,reggae/reggae.00056.wav
858,reggae.00057.wav,reggae,reggae/reggae.00057.wav
859,reggae.00058.wav,reggae,reggae/reggae.00058.wav
860,reggae.00059.wav,reggae,reggae/reggae.00059.wav
861,reggae.00060.wav,reggae,reggae/reggae.00060.wav
862,reggae.00061.wav,reggae,reggae/reggae.00061.wav
863,reggae.00062.wav,reggae,reggae/reggae.00062.wav
864,reggae.00063.wav,reggae,reggae/reggae.00063.wav
865,reggae.00064.wav,reggae,reggae/reggae.00064.wav
866,reggae.00065.wav,reggae,reggae/reggae.00065.wav
867,reggae.00066.wav,reggae,reggae/reggae.00066.wav
868,reggae.00067.wav,reggae,reggae/reggae.00067.wav
869,reggae.00068.wav,reggae,reggae/reggae.00068.wav
870,reggae.00069.wav,reggae,reggae/reggae.00069.wav
871,reggae.00070.wav,reggae,reggae/reggae.00070.wav
872,reggae.00071.wav,reggae,reggae/reggae.00071.wav
873,reggae.00072.wav,reggae,reggae/reggae.00072.wav
874,reggae.00073.wav,reggae,reggae/reggae.00073.wav
875,reggae.00074.wav,reggae,reggae/reggae.00074.wav
876,reggae.00075.wav,reggae,reggae/reggae.00075.wav
877,reggae.00076.wav,reggae,reggae/reggae.00076.wav
878,reggae.00077.wav,reggae,reggae/reggae.00077.wav
879,reggae.00078.wav,reggae,reggae/reggae.00078.wav
880,reggae.00079.wav,reggae,reggae/reggae.00079.wav
881,reggae.00080.wav,reggae,reggae/reggae.00080.wav
882,reggae.00081.wav,reggae,reggae/reggae.00081.wav
883,reggae.00082.wav,reggae,reggae/reggae.00082.wav
884,reggae.00083.wav,reggae,reggae/reggae.00083.wav
885,reggae.00084.wav,reggae,reggae/reggae.00084.wav
886,reggae.00085.wav,reggae,reggae/reggae.00085.wav
887,reggae.00086.wav,reggae,reggae/reggae.00086.wav
888,reggae.00087.wav,reggae,reggae/reggae.00087.wav
889,reggae.00088.wav,reggae,reggae/reggae.00088.wav
890,reggae.00089.wav,reggae,reggae/reggae.00089.wav
891,reggae.00090.wav,reggae,reggae/reggae.00090.wav
892,reggae.00091.wav,reggae,reggae/reggae.00091.wav
893,reggae.00092.wav,reggae,reggae/reggae.00092.wav
894,reggae.00093.wav,reggae,reggae/reggae.00093.wav
895,reggae.00094.wav,reggae,reggae/reggae.00094.wav
896,reggae.00095.wav,reggae,reggae/reggae.00095.wav
897,reggae.00096.wav,reggae,reggae/reggae.00096.wav
898,reggae.00097.wav,reggae,reggae/reggae.00097.wav
899,reggae.00098.wav,reggae,reggae/reggae.00098.wav
900,reggae.00099.wav,reggae,reggae/reggae.00099.wav
901,rock.00000.wav,rock,rock/rock.00000.wav
902,rock.00001.wav,rock,rock/rock.00001.wav
903,rock.00002.wav,rock,rock/rock.00002.wav
904,rock.00003.wav,rock,rock/rock.00003.wav
905,rock.00004.wav,rock,rock/rock.00004.wav
906,rock.00005.wav,rock,rock/rock.00005.wav
907,rock.00006.wav,rock,rock/rock.00006.wav
908,rock.00007.wav,rock,rock/rock.00007.wav
909,rock.00008.wav,rock,rock/rock.00008.wav
910,rock.00009.wav,rock,rock/rock.00009.wav
911,rock.00010.wav,rock,rock/rock.00010.wav
912,rock.00011.wav,rock,rock/rock.00011.wav
913,rock.00012.wav,rock,rock/rock.00012.wav
914,rock.00013.wav,rock,rock/rock.00013.wav
915,rock.00014.wav,rock,rock/rock.00014.wav
916,rock.00015.wav,rock,rock/rock.00015.wav
917,rock.00016.wav,rock,rock/rock.00016.wav
918,rock.00017.wav,rock,rock/rock.00017.wav
919,rock.00018.wav,rock,rock/rock.00018.wav
920,rock.00019.wav,rock,rock/rock.00019.wav
921,rock.00020.wav,rock,rock/rock.00020.wav
922,rock.00021.wav,rock,rock/rock.00021.wav
923,rock.00022.wav,rock,rock/rock.00022.wav
924,rock.00023.wav,rock,rock/rock.00023.wav
925,rock.00024.wav,rock,rock/rock.00024.wav
926,rock.00025.wav,rock,rock/rock.00025.wav
927,rock.00026.wav,rock,rock/rock.00026.wav
928,rock.00027.wav,rock,rock/rock.00027.wav
929,rock.00028.wav,rock,rock/rock.00028.wav
930,rock.00029.wav,rock,rock/rock.00029.wav
931,rock.00030.wav,rock,rock/rock.00030.wav
932,rock.00031.wav,rock,rock/rock.00031.wav
933,rock.00032.wav,rock,rock/rock.00032.wav
934,rock.00033.wav,rock,rock/rock.00033.wav
935,rock.00034.wav,rock,rock/rock.00034.wav
936,rock.00035.wav,rock,rock/rock.00035.wav
937,rock.00036.wav,rock,rock/rock.00036.wav
938,rock.00037.wav,rock,rock/rock.00037.wav
939,rock.00038.wav,rock,rock/rock.00038.wav
940,rock.00039.wav,rock,rock/rock.00039.wav
941,rock.00040.wav,rock,rock/rock.00040.wav
942,rock.00041.wav,rock,rock/rock.00041.wav
943,rock.00042.wav,rock,rock/rock.00042.wav
944,rock.00043.wav,rock,rock/rock.00043.wav
945,rock.00044.wav,rock,rock/rock.00044.wav
946,rock.00045.wav,rock,rock/rock.00045.wav
947,rock.00046.wav,rock,rock/rock.00046.wav
948,rock.00047.wav,rock,rock/rock.00047.wav
949,rock.00048.wav,rock,rock/rock.00048.wav
950,rock.00049.wav,rock,rock/rock.00049.wav
951,rock.00050.wav,rock,rock/rock.00050.wav
952,rock.00051.wav,rock,rock/rock.00051.wav
953,rock.00052.wav,rock,rock/rock.00052.wav
954,rock.00053.wav,rock,rock/rock.00053.wav
955,rock.00054.wav,rock,rock/rock.00054.wav
956,rock.00055.wav,rock,rock/rock.00055.wav
957,rock.00056.wav,rock,rock/rock.00056.wav
958,rock.00057.wav,rock,rock/rock.00057.wav
959,rock.00058.wav,rock,rock/rock.00058.wav
960,rock.00059.wav,rock,rock/rock.00059.wav
961,rock.00060.wav,rock,rock/rock.00060.wav
962,rock.00061.wav,rock,rock/rock.00061.wav
963,rock.00062.wav,rock,rock/rock.00062.wav
964,rock.00063.wav,rock,rock/rock.00063.wav
965,rock.00064.wav,rock,rock/rock.00064.wav
966,rock.00065.wav,rock,rock/rock.00065.wav
967,rock.00066.wav,rock,rock/rock.00066.wav
968,rock.00067.wav,rock,rock/rock.00067.wav
969,rock.00068.wav,rock,rock/rock.00068.wav
970,rock.00069.wav,rock,rock/rock.00069.wav
971,rock.00070.wav,rock,rock/rock.00070.wav
972,rock.00071.wav,rock,rock/rock.00071.wav
973,rock.00072.wav,rock,rock/rock.00072.wav
974,rock.00073.wav,rock,rock/rock.00073.wav
975,rock.00074.wav,rock,rock/rock.00074.wav
976,rock.00075.wav,rock,rock/rock.00075.wav
977,rock.00076.wav,rock,rock/rock.00076.wav
978,rock.00077.wav,rock,rock/rock.00077.wav
979,rock.00078.wav,rock,rock/rock.00078.wav
980,rock.00079.wav,rock,rock/rock.00079.wav
981,rock.00080.wav,rock,rock/rock.00080.wav
982,rock.00081.wav,rock,rock/rock.00081.wav
983,rock.00082.wav,rock,rock/rock.00082.wav
984,rock.00083.wav,rock,rock/rock.00083.wav
985,rock.00084.wav,rock,rock/rock.00084.wav
986,rock.00085.wav,rock,rock/rock.00085.wav
987,rock.00086.wav,rock,rock/rock.00086.wav
988,rock.00087.wav,rock,rock/rock.00087.wav
989,rock.00088.wav,rock,rock/rock.00088.wav
990,rock.00089.wav,rock,rock/rock.00089.wav
991,rock.00090.wav,rock,rock/rock.00090.wav
992,rock.00091.wav,rock,rock/rock.00091.wav
993,rock.00092.wav,rock,rock/rock.00092.wav
994,rock.00093.wav,rock,rock/rock.00093.wav
995,rock.00094.wav,rock,rock/rock.00094.wav
996,rock.00095.wav,rock,rock/rock.00095.wav
997,rock.00096.wav,rock,rock/rock.00096.wav
998,rock.00097.wav,rock,rock/rock.00097.wav
999,rock.00098.wav,rock,rock/rock.00098.wav
1000,rock.00099.wav,rock,rock/rock.00099.wav
